Link Name,Center of Mass X,Center of Mass Y,Center of Mass Z,Center of Mass Roll,Center of Mass Pitch,Center of Mass Yaw,Mass,Moment Ixx,Moment Ixy,Moment Ixz,Moment Iyy,Moment Iyz,Moment Izz,Visual X,Visual Y,Visual Z,Visual Roll,Visual Pitch,Visual Yaw,Mesh Filename,Color Red,Color Green,Color Blue,Color Alpha,Collision X,Collision Y,Collision Z,Collision Roll,Collision Pitch,Collision Yaw,Collision Mesh Filename,Material Name,SW Components,Coordinate System,Axis Name,Joint Name,Joint Type,Joint Origin X,Joint Origin Y,Joint Origin Z,Joint Origin Roll,Joint Origin Pitch,Joint Origin Yaw,Parent,Joint Axis X,Joint Axis Y,Joint Axis Z,Limit Effort,Limit Velocity,Limit Lower,Limit Upper,Calibration rising,Calibration falling,Dynamics Damping,Dynamics Friction,Safety Soft Upper,Safety Soft Lower,Safety K Position,Safety K Velocity
base_link,-1.21438856483212E-05,-7.88297985188438E-06,0.0384433351833047,0,0,0,0.215478194166762,8.64907439125203E-05,4.34963908748107E-08,7.77088059636842E-09,8.64496606679992E-05,4.75823502430247E-09,9.73631709609537E-05,0,0,0,0,0,0,package://URDF readySLDASM/meshes/base_link.STL,0.792156862745098,0.819607843137255,0.933333333333333,1,0,0,0,0,0,0,package://URDF readySLDASM/meshes/base_link.STL,,BASE WITH MOTOR-1,Origin_global,,,,0,0,0,0,0,0,,0,0,0,,,,,,,,,,,,
link_1,-0.059859,-6.5633E-05,0.038764,0,0,0,0.40723,9.6946E-05,2.0411E-06,7.5876E-05,0.0070063,-1.5645E-07,0.0070279,0,0,0,0,0,0,package://URDF readySLDASM/meshes/link_1.STL,0.79216,0.81961,0.93333,1,0,0,0,0,0,0,package://URDF readySLDASM/meshes/link_1.STL,,LINK ONE WITH DC MOTOR-1,Origin_join_1,Axis_join_1,join_1,continuous,0,0,0.0586,0,0,0,base_link,0,0,1,,,,,,,,,,,,
link_2,0.001964,-0.0018649,0.014549,0,0,0,0.36777,0.00011626,-5.1481E-08,-2.5759E-05,0.0052305,-1.6935E-07,0.0052904,0,0,0,0,0,0,package://URDF readySLDASM/meshes/link_2.STL,0.79216,0.81961,0.93333,1,0,0,0,0,0,0,package://URDF readySLDASM/meshes/link_2.STL,,SECOND LINK ALONE-1,Origin_join_2,Axis_join_2,join_2,continuous,0.20874,0.0017933,0.0588,0,0,0,link_1,0,0,1,,,,,,,,,,,,
end_effector,7.6198E-05,0.0036458,0.016595,0,0,0,0.0056065,4.033E-07,2.7707E-09,1.1142E-13,5.2575E-07,3.4078E-13,2.5945E-07,0,0,0,0,0,0,package://URDF readySLDASM/meshes/end_effector.STL,0.79216,0.81961,0.93333,1,0,0,0,0,0,0,package://URDF readySLDASM/meshes/end_effector.STL,,END EFFECTPR-1,Origin_joint_3,Axis_joint_3,joint_3,continuous,0.21593,-0.0054392,0.03,0,0,0,link_2,0,0,-1,,,,,,,,,,,,
